part_number,description
04790-SNA-A00,"Part Number: 04790-SNA-A00
Name: PAB INFLATOR
Application: Honda CR-V 2023
Condition: New
OEM Info: Genuine Honda part
Technical Specs: Not available
Fitment Details: Specifically designed for Honda CR-V 2023 models
Notable Features: Precision-engineered for optimal performance in passenger airbag systems; OEM quality and reliability."
04790-SWA-A00,"Part Number: 04790-SWA-A00
Name: PAB INFLATOR
Application: Honda Odyssey 2010-2012
Condition: New
OEM Info: Genuine Honda part
Technical Specs: Not available
Fitment Details: Fits Honda Odyssey models from 2010 to 2012
Notable Features: Designed for Passenger Airbag Inflator system; OEM quality and fitment"
04711-3A0-A00ZZ,"Part Number: 04711-3A0-A00ZZ
Name: FACE FR BUMPER
Application: Honda Pilot 2010-2019
Condition: New
OEM Info: Genuine OEM part
Technical Specs: Not available
Fitment Details: Fits Honda Pilot models from 2010 to 2019; No specific limitations noted
Notable Features: Original packaging; Genuine OEM part; Suitable for various model years of Honda Pilot"
04711-T0A-A90ZZ,"Part Number: 04711-T0A-A90ZZ
Name: FACE FR BPR(DOT)
Application: Honda Crosstour, Element, HR-V, Insight, Pilot 2018
Condition: New
OEM Info: Genuine OEM part
Technical Specs: Not available
Fitment Details: Fits specified Honda models from 2018
Notable Features: Original packaging; DOT approved; Front bumper face

(Note: Due to limited technical specifications provided, additional details may be required for a more comprehensive description.)"
04711-T1W-A91ZZ,"Part Number: 04711-T1W-A91ZZ
Name: FACE FR (DOT)
Application: Honda Insight 2018
Condition: New
OEM Info: Genuine OEM part
Technical Specs: DOT certified; Front face panel
Fitment Details: Fits Honda Insight 2018 models only
Notable Features: DOT certified for safety compliance; Designed for precise fit and function"
04711-T20-A00ZZ,"Part Number: 04711-T20-A00ZZ
Name: FACE FR BUMPER
Application: Honda Crosstour 2018-2021
Condition: New
OEM Info: Genuine OEM part
Technical Specs: N/A
Fitment Details: Direct fit for Honda Crosstour models 2018-2021
Notable Features: Original packaging; Genuine OEM part; Steeply discounted"
04711-T7W-A80ZZ,"Part Number: 04711-T7W-A80ZZ
Name: FACE FR (DOT)
Application: Honda Clarity 2013-2021
Condition: New
OEM Info: Genuine Honda part
Technical Specs: DOT approved; Front face panel
Fitment Details: Fits Honda Clarity models from 2013 to 2021
Notable Features: OEM quality; Direct replacement; DOT approved for safety compliance"
04711-TBA-A00ZZ,"Part Number: 04711-TBA-A00ZZ
Name: FACE FR BUMPER
Application: Honda Civic 2022
Condition: New
OEM Info: Genuine OEM part
Technical Specs: Not available
Fitment Details: Specifically designed for Honda Civic 2022; Ensure compatibility before installation
Notable Features: Original packaging; Genuine Honda part; Direct fit for easy installation"
04711-TBA-A50ZZ,"Part Number: 04711-TBA-A50ZZ
Name: FACE FR BUMPER
Application: Honda Ridgeline 2022-2023
Condition: New
OEM Info: Genuine OEM part
Technical Specs: Not specified
Fitment Details: Specifically designed for Honda Ridgeline 2022-2023 models
Notable Features: Original packaging; Genuine OEM part; Designed for precise fit and function"
04711-TG7-A50ZZ,"Part Number: 04711-TG7-A50ZZ
Name: FACE FR BUMPER
Application: Honda CR-Z, Odyssey, S2000 (2011)
Condition: New
OEM Info: Genuine OEM part
Technical Specs: Not available
Fitment Details: Fits specified Honda models from 2011; please verify compatibility before purchase.
Notable Features: Original packaging; steeply discounted from franchised Honda dealer."
04711-TGG-A00ZZ,"Part Number: 04711-TGG-A00ZZ
Name: FACE FR BUMPER
Application: Honda Pilot 2019-2023
Condition: New
OEM Info: Genuine OEM part
Technical Specs: Not available
Fitment Details: Fits Honda Pilot models from 2019 to 2023
Notable Features: Original packaging; steeply discounted price"
04711-THR-A00ZZ,"Part Number: 04711-THR-A00ZZ
Name: FACE FR BUMPER
Application: Honda S2000 2021
Condition: New
OEM Info: Genuine OEM part
Technical Specs: Not available
Fitment Details: Specifically designed for Honda S2000 2021 model; Ensure compatibility before installation
Notable Features: Original packaging; Steeply discounted from franchised Honda dealer"
04715-T7W-A90,"Part Number: 04715-T7W-A90
Name: FACE RR (DOT)
Application: Honda HR-V 2017-2021
Condition: New
OEM Info: Genuine Honda part
Technical Specs: DOT approved; Rear-facing; OEM quality
Fitment Details: Fits Honda HR-V models from 2017 to 2021
Notable Features: Designed for safety and durability; OEM fit and finish"
04715-TBA-A00ZZ,"Part Number: 04715-TBA-A00ZZ
Name: FACE RR BUMPER
Application: Honda Insight, Passport (2016-2017)
Condition: New
OEM Info: Genuine OEM part
Technical Specs: N/A
Fitment Details: Fits Honda Insight and Passport models from 2016 to 2017
Notable Features: Original packaging; steeply discounted from franchised Honda dealer"
04715-TK8-A80ZZ,"Part Number: 04715-TK8-A80ZZ
Name: FACE RR BPR(DOT)
Application: Honda Odyssey 2016-2020
Condition: New
OEM Info: Genuine OEM part
Technical Specs: N/A
Fitment Details: Fits Honda Odyssey models from 2016 to 2020
Notable Features: Original packaging; steeply discounted price"
04715-TK8-A90ZZ,"Part Number: 04715-TK8-A90ZZ
Name: FACE RR BPR(DOT)
Application: Honda Odyssey 2017
Condition: New
OEM Info: Genuine OEM part
Technical Specs: Not available
Fitment Details: Specifically designed for Honda Odyssey 2017 models
Notable Features: Original packaging; OEM quality and fitment; DOT approved for safety compliance"
04715-TR3-A50ZZ,"Part Number: 04715-TR3-A50ZZ
Name: FACE RR BUMPER
Application: Honda CR-Z, Passport, Ridgeline, S2000 (2010)
Condition: New
OEM Info: Genuine OEM part
Technical Specs: Not available
Fitment Details: Fits specified Honda models from 2010; please verify compatibility before purchase
Notable Features: Original packaging; steeply discounted from franchised Honda dealer"
04717-TLA-A00ZZ,"Part Number: 04717-TLA-A00ZZ
Name: FACE L RR BPR
Application: Honda Fit 2012-2017
Condition: New
OEM Info: Genuine OEM part
Technical Specs: N/A
Fitment Details: Fits Honda Fit models from 2012 to 2017
Notable Features: Original packaging; Genuine OEM part; Specifically designed for Honda Fit models from 2012 to 2017"
04301-RNA-307,"Part Number: 04301-RNA-307
Name: P/S BELT
Application: Honda CR-Z, HR-V 2020
Condition: New
OEM Info: Genuine Honda part
Technical Specs: N/A
Fitment Details: Fits Honda CR-Z and HR-V models from 2020
Notable Features: Original equipment manufacturer part; designed for precise fit and optimal performance"
04717-TLA-A00ZZ,"Part Number: 04717-TLA-A00ZZ
Name: FACE L RR BPR
Application: Honda Fit 2012-2017
Condition: New
OEM Info: Genuine OEM part
Technical Specs: N/A
Fitment Details: Fits Honda Fit models from 2012 to 2017
Notable Features: Original packaging; steeply discounted; genuine OEM part"
04770-S5A-405,"Part Number: 04770-S5A-405
Name: DAB INFLATOR
Application: Honda Crosstour 2011
Condition: New
OEM Info: Genuine OEM part
Technical Specs: N/A
Fitment Details: Specifically designed for Honda Crosstour 2011 models
Notable Features: Designed to provide accurate and reliable airbag deployment in case of impact."
04790-S5A-A00,"Part Number: 04790-S5A-A00
Name: PAB INFLATOR
Application: Honda CR-Z, Civic, Crosstour, Element (2020)
Condition: New
OEM Info: Genuine OEM part
Technical Specs: Not available
Fitment Details: Fits multiple Honda models; please verify compatibility before purchase
Notable Features: Original packaging; suitable for airbag system maintenance; essential safety component"
04711-TLA-A00ZZ,"Part Number: 04711-TLA-A00ZZ
Name: FACE FR BUMPER
Application: Honda Crosstour, Ridgeline 2010
Condition: New
OEM Info: Genuine OEM part
Technical Specs: N/A
Fitment Details: Direct fit for specified Honda models; please verify compatibility before installation
Notable Features: Original packaging; steeply discounted from franchised Honda dealer"
04711-TLA-A50ZZ,"Part Number: 04711-TLA-A50ZZ
Name: FACE FR BUMPER
Application: Honda CR-Z 2015-2016
Condition: New
OEM Info: Genuine OEM part
Technical Specs: N/A
Fitment Details: Direct fit for Honda CR-Z 2015-2016 models
Notable Features: Original packaging; steeply discounted genuine OEM part"
04711-TR3-A50ZZ,"Part Number: 04711-TR3-A50ZZ
Name: FACE FR BUMPER
Application: Honda HR-V 2017-2019
Condition: New
OEM Info: Genuine OEM part
Technical Specs: Not available
Fitment Details: Direct fit for Honda HR-V 2017-2019 models
Notable Features: Original packaging; Genuine OEM part; Steeply discounted"
04712-T0A-A90,"Part Number: 04712-T0A-A90
Name: FACE FR BUMPER
Application: Honda CR-Z, Element, Insight, Passport, Ridgeline 2021
Condition: New
OEM Info: Genuine OEM part
Technical Specs: N/A
Fitment Details: Direct fit for specified Honda models; please verify compatibility before purchase
Notable Features: Original packaging; steeply discounted from franchised Honda dealer"
04712-T1W-A91,"Part Number: 04712-T1W-A91
Name: FACE FR (DOT)
Application: Honda Crosstour 2018-2023
Condition: New
OEM Info: Genuine OEM part
Technical Specs: DOT approved; Front face panel
Fitment Details: Fits Honda Crosstour models from 2018 to 2023
Notable Features: OEM quality; Direct replacement; DOT approved; Front face panel"
04712-TLA-A00ZZ,"Part Number: 04712-TLA-A00ZZ
Name: FACE R RR BPR
Application: Honda Passport, S2000 (2015-2020)
Condition: New
OEM Info: Genuine Honda part
Technical Specs: N/A
Fitment Details: Fits rear bumper; please verify compatibility with specific vehicle trim levels
Notable Features: OEM quality; direct fit for specified models; durable construction"
04715-SNA-A90ZZ,"Part Number: 04715-SNA-A90ZZ
Name: FACE RR BPR(DOT)
Application: Honda Accord, CR-Z, Crosstour, Element, Ridgeline (2021)
Condition: New
OEM Info: Genuine OEM part
Technical Specs: N/A
Fitment Details: Fits specified Honda models for the year 2021
Notable Features: Original packaging; DOT approved; designed for rear bumper application"
04715-T0A-A90,"Part Number: 04715-T0A-A90
Name: FACE RR BPR LWR(D
Application: Honda Clarity, Insight, Passport (2019-2022)
Condition: New
OEM Info: Genuine Honda part
Technical Specs: Not available
Fitment Details: Fits rear bumper lower section; specific to designated Honda models and years
Notable Features: Designed for precise fit and OEM quality; ensures proper alignment and appearance"
04715-T1W-A91ZZ,"Part Number: 04715-T1W-A91ZZ
Name: FACE RR (DOT)
Application: Honda Civic, Insight, Ridgeline 2022
Condition: New
OEM Info: Genuine OEM part
Technical Specs: DOT approved; Rear-facing design
Fitment Details: Fits specified Honda models for the 2022 year; Ensure compatibility before installation
Notable Features: Meets safety standards; Designed for specific Honda models"
04715-T20-A00ZZ,"Part Number: 04715-T20-A00ZZ
Name: FACE RR BUMPER
Application: Honda Clarity, Ridgeline 2019
Condition: New
OEM Info: Genuine OEM part
Technical Specs: Not available
Fitment Details: Specifically designed for Honda Clarity and Ridgeline models from 2019
Notable Features: Original packaging; OEM quality and fitment"
